{
  "epoch": 118,
  "gtvp_mean_dsc": 0.5824826671188722,
  "gtvn_agg_dsc": 0.6192144348201646,
  "gtvn_f1agg": 0.5730337078651685,
  "task1_proxy_score": 0.5893033692307693,
  "gtvn_tp": 102,
  "gtvn_fp": 38,
  "gtvn_fn": 114,
  "num_cases": 136,
  "val_loss": 0.3154462511815569,
  "val_min_gtvn_size": 30,
  "sw_overlap": 0.25
}